{"U1": [[-0.6669098689090702, 4.646012731267093e-18, -0.7451383943615348], [0.745138394361535, -7.265929807824024e-17, -0.6669098689090703], [5.723970444701531e-17, 1.0, -4.4995280489624656e-17]], "U2": [[-0.6955816765322814, 0.7184470274644753, -7.04076636823249e-17], [-0.0, -9.79997981629986e-17, -1.0], [-0.7184470274644753, -0.6955816765322814, 6.816686390604377e-17]], "s": [0.1238534257232176, 0.07242712413335936, -0.0027992251857499556], "alpha": [-0.19937131695872604, 0.3312660958258307, 2.233725215350734e-10], "E_vertical": 102593.67, "freq_ini": [1581.76, 3678.18, 3786.42], "freq_fin": [1410.33, 3220.81, 3270.91]}
